sequence,label,description,link
"MEETFFEDLSLEKEDFTHKYLEKGEYENCKFSNCNFSNSDLSSIRFIDCYFDNCNLSMALIKQTGFQNVD
FKNCKMLGMSFDKSSDFGFQINIDTCLLNYSSFFKKNLPKTNFTASKFHEVDFTECNLSNSIFKDCDLHL
ATFKQCNLQKVDFRSTVNFMIDPEMNKINGAKFTLETIKGLLTSYNIVIDSD",1,antibiotic resistant protein MCBG [Flavobacteria bacterium BBFL7],https://www.ncbi.nlm.nih.gov/protein/EAS19562.1
"MFSVLKKLGWFFKAYWLRYTIAIVLLLAVNVIEMFPPKLLGNAIDDMKAGAFTAEGLLFYIGIFFVLTAA
VYIMSYFWMHQLFGGANLMEKILRTKLMGHLLTMSPPFYEKNRTGDLMARGTNDLQAVSLTTGFGILTLV
DSTMFMMTIFLTMGFLISWKLTFAAIIPLPVMAIAISLYGSKIHERFTEAQNAFGALNDRVLESVSGVRV
IRAYVQETNDVRRFNEMTADVYQKNMKVAFIDSLFEPTVKLLVGASYLIGLGYGAFLVFRNELTLGELVS
FNVYLGMMIWPMFAIGELINVMQRGNASLDRVNETLSYETDVTDPKQPADLKEPGDIVFSHVSFTYPSST
SDNLQDISFTVRKGQTVGIAGKTGSGKTTIIKQLLRQYPPGEGSITFSGVPIQQIPLDRLRGWIGYVPQD
HLLFSRTVKENILYGKQDATDKEVQQAIAEAHFEKDLHMLPSGLETMVGEKGVALSGGQKQRISIARALM
ANPEILILDDSLSAVDAKTEAAIIKNIRENRKGKTTFILTHRLSAVEHADLILVMDGGVIAERGTHQELL
ANNGWYREQYERQQLFTAEEGGAGA",1,multidrug efflux pump,https://www.ncbi.nlm.nih.gov/protein/O07550.1?report=fasta
MNRQSTKKALLIPFVIMIITAIVLMGVWFIFNSLIALIASIVLVVMIIVSIVLFRQALMKMDSYVDGLSAQISTTNNKAIKHLPIGIIVLDENDHIEWVNQFMTDHMEANVISESVNEVFPNILKQLDRVKSVEIEYNQYHFQVRYSENDHCLYFFDITEQVQTNELYENSKPIIATLFLDNYDEITQNMNDTQRSEINSMVTRVISRWATEYNIFFKRYSSDQFVAYLNQKILADLEESKFDILSQLREKSVGYRAQLTLSIGVGEGTENLIDLGELSQSGLDLALGRGGDQVAIKSINGNVRFYGGKTDPMEKRTRVRARVISHALKDILAEGDKVIIMGHKRPDLDAIGAAIGVSRFAMMNNLEAYIVLNETDIDPTLRRVMNEIDKKPELRERFITSDDAWDMMTSKTTVVIVDTHKPELVLDENVLNKANRKVVIDHHRRGESFISNPLLIYMEPYASSTAELVTELLEYQPTEQRLTRLESTVMYAGIIVDTRNFTLRTGSRTFDAASYLRAHGADTILTQHFLKDDVDTYINRSELIRTVKVEDNGISIAHGSDDKIYHPVTVAQAADELLSLEGIEASYVVARREDNLIGISARSLGSVNVQLTMEALGGGGHLTNAATQLKGVTVEEAIAQLQQAITEQLSRSEDA,0,cyclic-di-AMP phosphodiesterase,https://www.ncbi.nlm.nih.gov/protein/WP_411896995.1
MNLLSLLLILLGIILGVVGGYVVARNLLLQKQSQARQTAEDIVNQAHKEADNIKKEKLLEAKEENQILREQTEAELRERRSELQRQETRLLQKEENLERKSDLLDKKDEILEQKESKIEEKQQQVDAKESSVQTLIMKHEQELERISGLTQEEAINEQLQRVEEELSQDIAVLVKEKEKEAKEKVDKTAKELLATAVQRLAADHTSESTVSVVNLPNDEMKGRIIGREGRNIRTLETLTGIDLIIDDTPEAVILSGFDPIRREIARTALVNLVSDGRIHPGRIEDMVEKARKEVDDIIREAGEQATFEVNAHNMHPDLVKIVGRLNYRTSYGQNVLKHSIEVAHLASMLAAELGEDETLAKRAGLLHDVGKAIDHEVEGSHVEIGVELAKKYGENETVINAIHSHHGDVEPTSIISILVAAADALSAARPGARKETLENYIRRLERLETLSESYDGVEKAFAIQAGREIRVIVSPEEIDDLKSYRLARDIKNQIEDELQYPGHIKVTVVRETRAVEYAK,0,staphylococcus aureus ribonuclease,https://www.ncbi.nlm.nih.gov/protein/OBX96318.1
